,0,1,2,3,4,5,0
0,0.877409571553,0.9402985074629999,0.847619047619,0.928571428571,0.9714285714290001,0.9714285714290001,1
1,0.9976019184649999,1.0,0.995238095238,1.0,1.0,1.0,1
2,1.0,-1.0,1.0,1.0,1.0,1.0,0
3,-1.0,-1.0,-1.0,-1.0,-1.0,-1.0,0
4,0.24382716049400002,0.37037037037,0.228571428571,0.357142857143,0.14285714285700002,0.176991150442,1
5,0.9855420011820001,0.992805755396,0.97619047619,0.985714285714,0.9714285714290001,0.985507246377,1
6,-1.0,1.0,-1.0,1.0,1.0,1.0,0
7,1.0,-1.0,-1.0,-1.0,-1.0,-1.0,0
8,0.961198370917,0.985915492958,0.995238095238,1.0,1.0,0.9589041095890001,1
9,0.981573237475,0.9929078014180001,1.0,1.0,1.0,0.9929078014180001,1
10,0.94273170261,0.9929078014180001,0.9619047619050001,1.0,1.0,1.0,1
11,1.0,1.0,-1.0,1.0,1.0,-1.0,0
12,0.7411527774500001,0.917293233083,0.771428571429,0.8714285714290001,0.8571428571430001,0.827586206897,1
13,0.973753508821,0.9929078014180001,0.97619047619,1.0,1.0,0.985915492958,1
14,0.9731527358069999,0.992805755396,0.9571428571430001,0.985714285714,0.985714285714,0.992805755396,1
15,0.24982204262200003,0.315789473684,0.3,0.385714285714,0.4,0.32,1
16,1.0,1.0,1.0,-1.0,1.0,-1.0,0
17,0.8301788955149999,0.896551724138,0.8619047619050001,0.928571428571,0.914285714286,0.90780141844,1
18,0.9627964295229999,0.992805755396,0.9666666666670001,0.985714285714,0.985714285714,0.992805755396,1
19,-1.0,-1.0,-1.0,1.0,-1.0,-1.0,0
20,1.0,1.0,-1.0,-1.0,1.0,-1.0,0
21,-1.0,-1.0,-1.0,-1.0,-1.0,1.0,0
22,0.900322310846,0.978723404255,0.919047619048,0.985714285714,0.9714285714290001,0.9714285714290001,1
23,1.0,1.0,1.0,1.0,-1.0,-1.0,0
24,0.801878972092,0.936170212766,0.833333333333,0.942857142857,0.942857142857,0.891891891892,1
25,0.8435509498199999,0.942857142857,0.8619047619050001,0.942857142857,0.9,0.8689655172409999,1
26,-1.0,1.0,1.0,1.0,-1.0,-1.0,0
27,0.931476931477,1.0,0.933333333333,1.0,1.0,0.985915492958,1
28,-1.0,1.0,-1.0,-1.0,-1.0,-1.0,0
29,-1.0,1.0,-1.0,1.0,-1.0,1.0,0
30,1.0,-1.0,-1.0,1.0,-1.0,-1.0,0
31,0.105599921128,0.13605442176899998,0.104761904762,0.14285714285700002,0.07142857142860001,0.0819672131148,1
32,1.0,1.0,-1.0,1.0,-1.0,1.0,0
33,0.119787350285,0.178343949045,0.10952380952400001,0.2,0.1,0.145833333333,1
34,-1.0,1.0,1.0,1.0,-1.0,-1.0,0
35,0.9761554889830001,0.985714285714,0.97619047619,0.985714285714,0.985714285714,0.985714285714,1
36,-1.0,-1.0,-1.0,-1.0,1.0,-1.0,0
37,0.84645245015,0.8571428571430001,0.8666666666670001,0.914285714286,0.942857142857,0.88,1
38,0.0,0.0,0.0,0.0,0.0,0.0,0
39,0.9720918101200001,0.985915492958,0.990476190476,1.0,1.0,0.9790209790209999,1
40,0.439205311236,0.49230769230800003,0.395238095238,0.457142857143,0.414285714286,0.513274336283,1
41,-1.0,-1.0,-1.0,-1.0,-1.0,1.0,0
42,0.97455097279,0.9929078014180001,0.995238095238,1.0,1.0,0.9790209790209999,1
43,1.0,-1.0,1.0,1.0,-1.0,1.0,0
44,0.907156806602,0.971014492754,0.904761904762,0.9571428571430001,0.9571428571430001,0.9640287769779999,1
45,0.9010295260299999,0.958333333333,0.9,0.985714285714,0.9714285714290001,0.957746478873,1
46,-1.0,1.0,1.0,1.0,1.0,-1.0,0
47,0.9369653175980001,0.9459459459460001,0.990476190476,1.0,1.0,0.9589041095890001,1
48,0.0,0.0,0.0,0.0,0.0,0.0,0
49,0.768368996909,0.848920863309,0.7523809523810001,0.842857142857,0.8714285714290001,0.847222222222,1
50,-1.0,1.0,-1.0,1.0,1.0,-1.0,0
51,-1.0,-1.0,1.0,-1.0,-1.0,-1.0,0
52,0.754706580733,0.8805970149250001,0.6904761904760001,0.842857142857,0.8142857142859999,0.863636363636,1
53,1.0,1.0,-1.0,1.0,-1.0,1.0,0
54,0.405867487957,0.44776119403000003,0.395238095238,0.428571428571,0.442857142857,0.473282442748,1
55,0.34526581391000005,0.36986301369900004,0.34285714285700003,0.385714285714,0.357142857143,0.347222222222,1
56,-1.0,-1.0,-1.0,1.0,1.0,1.0,0
57,-1.0,-1.0,-1.0,-1.0,-1.0,-1.0,0
58,1.0,-1.0,1.0,-1.0,1.0,1.0,0
59,0.9806408126430001,0.992805755396,0.9666666666670001,0.985714285714,0.9714285714290001,0.985507246377,1
60,-1.0,-1.0,-1.0,1.0,-1.0,1.0,0
61,1.0,-1.0,-1.0,1.0,1.0,1.0,0
62,0.7940417742139999,0.877697841727,0.790476190476,0.8714285714290001,0.928571428571,0.9352517985609999,1
63,0.787664028423,0.879432624113,0.804761904762,0.885714285714,0.914285714286,0.8707482993200001,1
64,0.919598094183,0.948905109489,0.9,0.928571428571,0.928571428571,0.948905109489,1
65,0.20104463437800002,0.251851851852,0.20476190476199999,0.271428571429,0.2,0.21705426356600002,1
66,-1.0,-1.0,-1.0,-1.0,1.0,-1.0,0
67,0.752697790007,0.921985815603,0.7428571428569999,0.928571428571,0.842857142857,0.842857142857,1
68,-1.0,1.0,-1.0,-1.0,-1.0,-1.0,0
69,0.8724538698469999,0.934306569343,0.8619047619050001,0.914285714286,0.885714285714,0.925373134328,1
70,-1.0,1.0,-1.0,-1.0,-1.0,1.0,0
71,0.992941098125,1.0,1.0,1.0,1.0,0.9929078014180001,1
72,0.902523032119,0.9552238805969999,0.833333333333,0.914285714286,0.928571428571,0.962962962963,1
73,0.494025356418,0.627737226277,0.457142857143,0.614285714286,0.5,0.503597122302,1
74,-1.0,-1.0,1.0,-1.0,-1.0,-1.0,0
75,0.7817016361,0.87323943662,0.8095238095239999,0.885714285714,0.8714285714290001,0.8026315789470001,1
76,0.4763680537899999,0.63768115942,0.46190476190499996,0.628571428571,0.514285714286,0.514285714286,1
77,1.0,-1.0,1.0,-1.0,1.0,1.0,0
78,-1.0,-1.0,-1.0,1.0,1.0,1.0,0
79,-1.0,1.0,-1.0,-1.0,-1.0,-1.0,0
80,1.0,-1.0,-1.0,1.0,-1.0,1.0,0
81,0.978451281528,0.9929078014180001,0.97619047619,1.0,1.0,1.0,1
82,-1.0,-1.0,-1.0,-1.0,1.0,1.0,0
83,0.16705248801,0.255319148936,0.171428571429,0.257142857143,0.257142857143,0.258992805755,1
84,0.964769309315,0.985915492958,0.980952380952,1.0,1.0,0.9790209790209999,1
85,1.0,-1.0,1.0,-1.0,1.0,-1.0,0
86,1.0,-1.0,-1.0,1.0,-1.0,1.0,0
87,0.289413801681,0.366197183099,0.314285714286,0.385714285714,0.414285714286,0.39189189189199997,1
88,1.0,1.0,-1.0,-1.0,1.0,-1.0,0
89,0.11477491695,0.163265306122,0.104761904762,0.171428571429,0.1,0.125,1
90,0.8790004207600001,0.919708029197,0.847619047619,0.9,0.942857142857,0.9635036496349999,1
91,1.0,1.0,-1.0,1.0,-1.0,-1.0,0
92,-1.0,1.0,-1.0,-1.0,-1.0,-1.0,0
93,1.0,-1.0,1.0,-1.0,1.0,-1.0,0
94,0.905733429439,0.9640287769779999,0.909523809524,0.9571428571430001,0.9714285714290001,0.9645390070919999,1
95,0.983247687564,1.0,0.980952380952,1.0,1.0,1.0,1
96,0.766554091894,0.8805970149250001,0.6809523809520001,0.842857142857,0.785714285714,0.8730158730159999,1
97,-1.0,-1.0,1.0,-1.0,-1.0,-1.0,0
98,1.0,1.0,1.0,1.0,-1.0,-1.0,0
99,-1.0,-1.0,-1.0,-1.0,1.0,-1.0,0
100,-1.0,-1.0,-1.0,-1.0,-1.0,-1.0,0
101,0.841626245701,0.9565217391299998,0.8714285714290001,0.942857142857,0.9714285714290001,0.888888888889,1
102,-1.0,1.0,1.0,-1.0,1.0,-1.0,0
103,-1.0,-1.0,1.0,-1.0,-1.0,1.0,0
104,0.965031568723,1.0,0.980952380952,1.0,1.0,0.985915492958,1
105,0.8711568577259999,0.877697841727,0.9,0.914285714286,0.9571428571430001,0.930555555556,1
106,1.0,-1.0,1.0,-1.0,-1.0,-1.0,0
107,1.0,1.0,1.0,-1.0,1.0,1.0,0
108,-1.0,-1.0,-1.0,-1.0,1.0,1.0,0
109,0.974646358208,1.0,0.995238095238,1.0,1.0,0.9790209790209999,1
110,0.460317460317,0.5205479452049999,0.48095238095200005,0.542857142857,0.5571428571429999,0.530612244898,1
111,0.885905228462,0.945205479452,0.933333333333,0.985714285714,0.985714285714,0.951724137931,1
112,0.8211530989210001,0.897058823529,0.8238095238099999,0.914285714286,0.9,0.887323943662,1
113,0.920474045474,0.958333333333,0.97619047619,1.0,0.985714285714,0.965034965035,1
114,0.906605375667,0.9496402877700001,0.938095238095,0.9571428571430001,0.985714285714,0.951724137931,1
115,-1.0,1.0,1.0,-1.0,-1.0,-1.0,0
116,-1.0,-1.0,-1.0,-1.0,1.0,-1.0,0
117,0.46202159457099995,0.528571428571,0.46190476190499996,0.528571428571,0.528571428571,0.510344827586,1
118,0.9526455026459999,0.985714285714,0.9619047619050001,1.0,1.0,1.0,1
119,0.8953236111,0.985915492958,0.904761904762,1.0,0.985714285714,0.978723404255,1
120,-1.0,-1.0,-1.0,-1.0,-1.0,-1.0,0
121,0.948734863493,0.971830985915,0.9619047619050001,0.985714285714,0.9714285714290001,0.9714285714290001,1
122,0.772643383814,0.909090909091,0.790476190476,0.928571428571,0.8714285714290001,0.841379310345,1
123,0.28505428120799997,0.356687898089,0.319047619048,0.4,0.414285714286,0.33720930232600005,1
124,1.0,-1.0,-1.0,1.0,-1.0,1.0,0
125,-1.0,-1.0,-1.0,-1.0,-1.0,-1.0,0
126,0.83022382019,0.9241379310340001,0.833333333333,0.9571428571430001,0.885714285714,0.855172413793,1
127,0.967136150235,1.0,0.97619047619,1.0,0.985714285714,0.971830985915,1
128,-1.0,1.0,1.0,-1.0,1.0,1.0,0
129,0.31009798744399997,0.46956521739100004,0.257142857143,0.385714285714,0.32857142857099997,0.42592592592600004,1
130,0.8817075536460001,0.904109589041,0.895238095238,0.942857142857,0.914285714286,0.901408450704,1
131,1.0,-1.0,-1.0,-1.0,-1.0,-1.0,0
132,0.123015873016,0.14285714285700002,0.114285714286,0.14285714285700002,0.1,0.109375,1
133,0.757742360596,0.916666666667,0.7571428571430001,0.942857142857,0.8714285714290001,0.8714285714290001,1
134,1.0,1.0,1.0,-1.0,-1.0,-1.0,0
135,0.168075268323,0.23728813559300002,0.147619047619,0.2,0.2,0.24347826086999996,1
136,0.826615144736,0.885906040268,0.8523809523810001,0.942857142857,0.928571428571,0.8609271523180001,1
137,1.0,1.0,-1.0,-1.0,-1.0,1.0,0
138,0.786697711889,0.824324324324,0.785714285714,0.8714285714290001,0.8714285714290001,0.8652482269499999,1
139,-1.0,-1.0,-1.0,1.0,1.0,1.0,0
140,0.613676624731,0.6993006993009999,0.647619047619,0.714285714286,0.714285714286,0.662251655629,1
141,-1.0,1.0,-1.0,1.0,-1.0,-1.0,0
142,-1.0,1.0,1.0,-1.0,1.0,-1.0,0
143,0.924028853153,0.9565217391299998,0.928571428571,0.9714285714290001,0.985714285714,0.958333333333,1
144,-1.0,-1.0,-1.0,-1.0,-1.0,1.0,0
145,1.0,1.0,1.0,-1.0,1.0,1.0,0
146,-1.0,-1.0,-1.0,1.0,-1.0,-1.0,0
147,0.997635933806,1.0,1.0,1.0,1.0,1.0,1
148,0.942822641583,0.9929078014180001,0.942857142857,1.0,0.985714285714,0.985714285714,1
149,1.0,1.0,1.0,-1.0,1.0,-1.0,0
150,1.0,-1.0,-1.0,1.0,-1.0,-1.0,0
151,0.93550435001,0.951048951049,0.938095238095,0.9714285714290001,0.985714285714,0.965034965035,1
152,0.9705342492919999,0.992805755396,0.9523809523810001,0.985714285714,0.985714285714,0.992805755396,1
153,-1.0,1.0,1.0,-1.0,-1.0,-1.0,0
154,-1.0,-1.0,-1.0,1.0,-1.0,-1.0,0
155,-1.0,-1.0,-1.0,-1.0,-1.0,-1.0,0
156,0.985948091132,0.9929078014180001,1.0,1.0,1.0,0.9929078014180001,1
157,0.275459074578,0.319018404908,0.3,0.371428571429,0.314285714286,0.301369863014,1
158,0.943555006145,0.978417266187,0.947619047619,0.9714285714290001,0.9714285714290001,0.9714285714290001,1
159,0.253646238307,0.31007751938,0.23809523809500002,0.28571428571400004,0.28571428571400004,0.30534351145,1
160,-1.0,1.0,1.0,1.0,-1.0,-1.0,0
161,-1.0,-1.0,1.0,-1.0,-1.0,-1.0,0
162,-1.0,-1.0,-1.0,-1.0,1.0,1.0,0
163,0.889510006901,0.942857142857,0.885714285714,0.942857142857,0.928571428571,0.9352517985609999,1
164,0.803852937186,0.8571428571430001,0.8142857142859999,0.9,0.928571428571,0.8783783783779999,1
165,-1.0,-1.0,-1.0,-1.0,1.0,1.0,0
166,-1.0,1.0,1.0,1.0,-1.0,-1.0,0
167,0.0672096994536,0.114754098361,0.0619047619048,0.1,0.042857142857099996,0.048,1
168,0.274340034284,0.335483870968,0.290476190476,0.371428571429,0.414285714286,0.36708860759499995,1
169,1.0,-1.0,-1.0,1.0,-1.0,-1.0,0
170,0.430128601884,0.527027027027,0.42380952381,0.5571428571429999,0.428571428571,0.434782608696,1
171,0.990610328638,1.0,1.0,1.0,1.0,1.0,1
172,0.501098358633,0.643835616438,0.538095238095,0.671428571429,0.6,0.541935483871,1
173,-1.0,-1.0,-1.0,-1.0,-1.0,-1.0,0
174,-1.0,1.0,-1.0,1.0,-1.0,-1.0,0
175,0.36480892969499995,0.554838709677,0.390476190476,0.614285714286,0.614285714286,0.551282051282,1
176,0.771135705474,0.89932885906,0.790476190476,0.9571428571430001,0.914285714286,0.876712328767,1
177,-1.0,-1.0,-1.0,1.0,1.0,1.0,0
178,1.0,-1.0,-1.0,-1.0,-1.0,-1.0,0
179,1.0,-1.0,1.0,-1.0,1.0,1.0,0
180,0.8388059701489999,0.928571428571,0.828571428571,0.928571428571,0.9,0.9264705882350001,1
181,0.927913399288,0.9645390070919999,0.938095238095,0.9714285714290001,0.9714285714290001,0.9645390070919999,1
182,1.0,-1.0,1.0,1.0,-1.0,-1.0,0
183,1.0,-1.0,1.0,-1.0,1.0,-1.0,0
184,1.0,-1.0,1.0,-1.0,1.0,-1.0,0
185,-1.0,-1.0,1.0,1.0,1.0,-1.0,0
186,1.0,1.0,1.0,-1.0,1.0,1.0,0
187,-1.0,-1.0,-1.0,1.0,-1.0,1.0,0
188,-1.0,-1.0,-1.0,-1.0,1.0,-1.0,0
189,1.0,1.0,1.0,-1.0,1.0,1.0,0
190,1.0,-1.0,-1.0,1.0,-1.0,-1.0,0
191,1.0,-1.0,-1.0,-1.0,-1.0,-1.0,0
192,-1.0,-1.0,1.0,-1.0,1.0,-1.0,0
193,0.838859566283,0.929577464789,0.842857142857,0.942857142857,0.928571428571,0.921985815603,1
194,1.0,-1.0,-1.0,1.0,-1.0,1.0,0
195,0.8528816487720001,0.918918918919,0.880952380952,0.9714285714290001,0.928571428571,0.921985815603,1
196,0.973052713116,0.9929078014180001,0.9571428571430001,1.0,0.985714285714,0.992805755396,1
197,-1.0,-1.0,-1.0,-1.0,-1.0,-1.0,0
198,0.0915608703332,0.159420289855,0.09047619047620001,0.157142857143,0.0857142857143,0.08633093525180001,1
199,1.0,1.0,1.0,-1.0,1.0,1.0,0
200,-1.0,-1.0,-1.0,-1.0,-1.0,-1.0,0
201,0.9231712374459999,0.978417266187,0.904761904762,0.9714285714290001,0.942857142857,0.9705882352940001,1
202,0.9835507282320001,0.9929078014180001,0.995238095238,1.0,1.0,0.9790209790209999,1
203,-1.0,1.0,-1.0,-1.0,-1.0,-1.0,0
204,0.9454856587870001,0.965034965035,0.9523809523810001,0.985714285714,0.985714285714,0.978723404255,1
205,1.0,-1.0,-1.0,1.0,-1.0,1.0,0
206,0.8847431099779999,0.925170068027,0.9,0.9714285714290001,0.928571428571,0.921985815603,1
207,0.986141680933,1.0,1.0,1.0,1.0,0.9790209790209999,1
208,0.395433027012,0.444444444444,0.361904761905,0.4,0.357142857143,0.38461538461499994,1
209,-1.0,-1.0,-1.0,-1.0,1.0,1.0,0
210,-1.0,-1.0,1.0,-1.0,1.0,1.0,0
211,0.848627981145,0.931506849315,0.8666666666670001,0.9714285714290001,0.9571428571430001,0.9178082191779999,1
212,1.0,1.0,1.0,-1.0,1.0,-1.0,0
213,0.847960883644,0.945205479452,0.8714285714290001,0.985714285714,0.9571428571430001,0.937062937063,1
214,1.0,1.0,1.0,-1.0,1.0,1.0,0
215,0.973548106692,0.978723404255,0.9666666666670001,0.985714285714,0.9714285714290001,0.978417266187,1
216,-1.0,-1.0,1.0,-1.0,-1.0,-1.0,0
217,1.0,1.0,1.0,1.0,-1.0,-1.0,0
218,1.0,-1.0,-1.0,1.0,-1.0,1.0,0
219,-1.0,-1.0,-1.0,-1.0,-1.0,-1.0,0
220,1.0,-1.0,1.0,-1.0,-1.0,1.0,0
221,1.0,1.0,-1.0,1.0,1.0,1.0,0
222,0.9928397707369999,0.9929078014180001,0.990476190476,1.0,1.0,1.0,1
223,1.0,1.0,1.0,1.0,1.0,1.0,0
224,-1.0,1.0,1.0,1.0,1.0,1.0,0
225,0.0603126255896,0.07766990291260001,0.052380952381,0.0571428571429,0.0571428571429,0.0601503759398,1
226,0.09305796745969999,0.103703703704,0.09047619047620001,0.1,0.1,0.10218978102199999,1
227,0.702279202279,0.722222222222,0.733333333333,0.8,0.8714285714290001,0.787096774194,1
228,1.0,1.0,-1.0,1.0,1.0,1.0,0
229,-1.0,-1.0,-1.0,-1.0,-1.0,-1.0,0
230,1.0,-1.0,1.0,-1.0,1.0,-1.0,0
231,0.926011886522,0.971830985915,0.933333333333,0.985714285714,1.0,0.9929078014180001,1
232,0.658567022203,0.710743801653,0.5571428571429999,0.614285714286,0.7,0.784,1
233,0.990476190476,1.0,0.990476190476,1.0,0.985714285714,0.985714285714,1
234,1.0,-1.0,-1.0,1.0,1.0,-1.0,0
235,-1.0,-1.0,1.0,1.0,1.0,-1.0,0
236,0.931734795789,0.971014492754,0.938095238095,0.985714285714,0.9714285714290001,0.9714285714290001,1
237,1.0,-1.0,-1.0,-1.0,1.0,1.0,0
238,-1.0,-1.0,-1.0,1.0,-1.0,-1.0,0
239,-1.0,-1.0,-1.0,1.0,-1.0,-1.0,0
240,-1.0,1.0,-1.0,1.0,1.0,1.0,0
241,-1.0,-1.0,1.0,1.0,-1.0,-1.0,0
242,0.968994784052,0.985915492958,0.9714285714290001,1.0,0.9714285714290001,0.978417266187,1
243,0.07735541850769999,0.0990099009901,0.06666666666669999,0.07142857142860001,0.0857142857143,0.100840336134,1
244,-1.0,-1.0,-1.0,-1.0,-1.0,-1.0,0
245,-1.0,1.0,-1.0,-1.0,-1.0,1.0,0
246,0.7324987261020001,0.881118881119,0.738095238095,0.9,0.8142857142859999,0.808510638298,1
247,1.0,-1.0,-1.0,1.0,1.0,-1.0,0
248,0.146385301558,0.15763546798,0.12380952380999999,0.228571428571,0.0142857142857,0.0147058823529,1
249,0.262774993038,0.345864661654,0.233333333333,0.32857142857099997,0.257142857143,0.315789473684,1
250,0.918855848405,0.985714285714,0.9238095238099999,0.985714285714,0.985714285714,0.965034965035,1
251,0.878157521571,0.944444444444,0.8714285714290001,0.9714285714290001,0.942857142857,0.936170212766,1
252,0.210146769711,0.287878787879,0.209523809524,0.271428571429,0.257142857143,0.26277372262800003,1
253,1.0,1.0,-1.0,1.0,-1.0,-1.0,0
254,-1.0,-1.0,-1.0,-1.0,1.0,-1.0,0
255,1.0,1.0,-1.0,-1.0,-1.0,1.0,0
256,0.438817632316,0.514705882353,0.42380952381,0.5,0.485714285714,0.535433070866,1
257,1.0,1.0,1.0,1.0,1.0,1.0,1
258,-1.0,-1.0,-1.0,-1.0,1.0,1.0,0
259,0.9337612979459999,0.985915492958,0.9571428571430001,1.0,1.0,0.985915492958,1
260,0.326918258934,0.36986301369900004,0.304761904762,0.385714285714,0.371428571429,0.368794326241,1
261,-1.0,-1.0,-1.0,-1.0,-1.0,-1.0,0
262,1.0,1.0,1.0,-1.0,-1.0,1.0,0
263,1.0,1.0,1.0,-1.0,1.0,-1.0,0
264,-1.0,-1.0,1.0,-1.0,-1.0,1.0,0
265,1.0,-1.0,-1.0,1.0,-1.0,1.0,0
266,1.0,-1.0,1.0,-1.0,1.0,-1.0,0
267,0.8631800631799998,0.9714285714290001,0.904761904762,0.9714285714290001,1.0,0.9589041095890001,1
268,0.8228318444149999,0.895104895105,0.8523809523810001,0.914285714286,0.928571428571,0.921985815603,1
269,1.0,-1.0,1.0,-1.0,1.0,1.0,0
270,-1.0,1.0,1.0,-1.0,-1.0,-1.0,0
271,0.678001277139,0.930555555556,0.7,0.9571428571430001,0.842857142857,0.8137931034479999,1
272,-1.0,1.0,-1.0,1.0,1.0,1.0,0
273,-1.0,1.0,-1.0,1.0,-1.0,-1.0,0
274,0.971563417959,0.992805755396,0.9714285714290001,0.985714285714,0.985714285714,0.985714285714,1
275,0.902895716708,0.9379310344830001,0.942857142857,0.9714285714290001,0.9571428571430001,0.930555555556,1
276,0.995305164319,1.0,1.0,1.0,1.0,1.0,1
277,0.85299205501,0.945205479452,0.87619047619,0.985714285714,0.914285714286,0.876712328767,1
278,-1.0,1.0,1.0,1.0,-1.0,-1.0,0
279,1.0,-1.0,1.0,1.0,-1.0,1.0,0
280,0.9575431660539999,0.978723404255,0.9666666666670001,0.985714285714,0.9714285714290001,0.978417266187,1
281,-1.0,-1.0,-1.0,1.0,-1.0,-1.0,0
282,0.958137016648,0.9790209790209999,0.97619047619,1.0,0.985714285714,0.978723404255,1
283,0.847422002464,0.915492957746,0.8619047619050001,0.928571428571,0.914285714286,0.895104895105,1
284,1.0,1.0,-1.0,1.0,-1.0,-1.0,0
285,0.7075146595730001,0.928571428571,0.719047619048,0.928571428571,0.771428571429,0.7883211678829999,1
286,-1.0,1.0,-1.0,-1.0,-1.0,-1.0,0
287,0.8849036736,0.955882352941,0.885714285714,0.985714285714,0.9714285714290001,0.9714285714290001,1
288,0.7674904043330001,0.8671328671330001,0.761904761905,0.885714285714,0.8714285714290001,0.847222222222,1
289,-1.0,0.0,0.0,0.0,0.0,0.0,0
290,0.883202982648,0.971014492754,0.8666666666670001,0.9571428571430001,0.942857142857,0.9705882352940001,1
291,0.202982389564,0.279411764706,0.2,0.271428571429,0.257142857143,0.264705882353,1
292,-1.0,-1.0,-1.0,1.0,1.0,1.0,0
293,-1.0,-1.0,-1.0,1.0,1.0,1.0,0
294,0.965846693963,0.9929078014180001,0.995238095238,1.0,1.0,0.972222222222,1
295,-1.0,-1.0,-1.0,-1.0,-1.0,-1.0,0
296,0.97007675119,1.0,0.985714285714,1.0,1.0,0.9929078014180001,1
297,0.9505016533670001,0.992805755396,0.928571428571,0.985714285714,0.9571428571430001,0.978102189781,1
298,-1.0,1.0,1.0,-1.0,1.0,1.0,0
299,1.0,-1.0,1.0,1.0,-1.0,-1.0,0
300,-1.0,-1.0,-1.0,-1.0,-1.0,-1.0,0
301,-1.0,1.0,-1.0,-1.0,1.0,1.0,0
302,0.918281314408,0.951048951049,0.938095238095,0.9714285714290001,0.985714285714,0.9387755102040001,1
303,0.9785727529780001,0.9929078014180001,0.980952380952,1.0,1.0,0.9929078014180001,1
304,-1.0,-1.0,-1.0,1.0,1.0,1.0,0
305,0.953825106907,0.985714285714,0.97619047619,0.985714285714,1.0,0.9790209790209999,1
306,0.95976278405,0.9929078014180001,0.9714285714290001,1.0,1.0,0.965517241379,1
307,0.985914794425,1.0,0.995238095238,1.0,1.0,0.9929078014180001,1
308,-1.0,-1.0,-1.0,1.0,-1.0,-1.0,0
309,-1.0,-1.0,-1.0,-1.0,-1.0,1.0,0
310,-1.0,-1.0,-1.0,-1.0,-1.0,-1.0,0
311,-1.0,-1.0,-1.0,-1.0,-1.0,-1.0,0
312,-1.0,1.0,-1.0,1.0,-1.0,-1.0,0
313,0.971631205674,1.0,0.97619047619,1.0,1.0,1.0,1
314,0.7000511149449999,0.879432624113,0.6809523809520001,0.885714285714,0.7428571428569999,0.806201550388,1
315,0.769898329702,0.833333333333,0.761904761905,0.8571428571430001,0.785714285714,0.7971014492749999,1
316,1.0,-1.0,1.0,-1.0,1.0,1.0,0
317,1.0,-1.0,1.0,-1.0,1.0,1.0,0
318,1.0,-1.0,-1.0,-1.0,1.0,-1.0,0
319,0.43444478486599997,0.49655172413800003,0.414285714286,0.514285714286,0.528571428571,0.536231884058,1
320,0.06788051588340001,0.102564102564,0.0619047619048,0.0857142857143,0.1,0.11965811965800001,1
321,0.751212069225,0.841379310345,0.738095238095,0.8714285714290001,0.828571428571,0.8592592592589999,1
322,0.0891803278689,0.0983606557377,0.042857142857099996,0.0857142857143,0.042857142857099996,0.0810810810811,1
323,1.0,-1.0,-1.0,1.0,-1.0,-1.0,0
324,0.490211744229,0.575342465753,0.48095238095200005,0.6,0.514285714286,0.5625,1
325,0.484142017857,0.5940594059409999,0.352380952381,0.428571428571,0.47142857142899997,0.622641509434,1
326,1.0,1.0,-1.0,-1.0,-1.0,-1.0,0
327,-1.0,-1.0,-1.0,-1.0,-1.0,-1.0,0
328,-1.0,-1.0,1.0,-1.0,1.0,-1.0,0
329,0.850051453205,0.90780141844,0.8619047619050001,0.914285714286,0.928571428571,0.9352517985609999,1
330,0.9288062066,0.978102189781,0.9238095238099999,0.9571428571430001,0.9571428571430001,0.943661971831,1
331,0.682274509804,0.752,0.6238095238100001,0.671428571429,0.7428571428569999,0.8188976377949999,1
332,0.542978537967,0.671532846715,0.528571428571,0.657142857143,0.585714285714,0.625954198473,1
333,0.939839250503,0.992805755396,0.9523809523810001,0.985714285714,0.985714285714,0.978723404255,1
334,0.8290882927169999,0.9208633093529999,0.8095238095239999,0.914285714286,0.928571428571,0.921985815603,1
335,-1.0,1.0,-1.0,-1.0,-1.0,1.0,0
336,0.957876890975,0.972222222222,0.97619047619,1.0,1.0,0.972222222222,1
337,0.958448037518,0.978723404255,0.942857142857,0.985714285714,0.985714285714,0.992805755396,1
338,1.0,-1.0,-1.0,-1.0,-1.0,1.0,0
339,0.789604142379,0.89932885906,0.8,0.9571428571430001,0.9,0.8689655172409999,1
340,0.285236061656,0.369942196532,0.32857142857099997,0.457142857143,0.357142857143,0.3125,1
341,1.0,1.0,1.0,-1.0,-1.0,1.0,0
342,-1.0,-1.0,-1.0,-1.0,-1.0,-1.0,0
343,1.0,1.0,-1.0,1.0,-1.0,1.0,0
344,0.942786185713,0.985915492958,0.942857142857,1.0,1.0,0.9929078014180001,1
345,-1.0,-1.0,-1.0,-1.0,1.0,-1.0,0
346,-1.0,-1.0,1.0,-1.0,-1.0,1.0,0
347,0.86715864801,0.9645390070919999,0.904761904762,0.9714285714290001,0.9571428571430001,0.91156462585,1
348,-1.0,-1.0,-1.0,1.0,-1.0,-1.0,0
349,-1.0,-1.0,-1.0,1.0,-1.0,-1.0,0
350,0.9952718676119999,1.0,1.0,1.0,1.0,0.9929078014180001,1
351,0.7499818910439999,0.8590604026850001,0.785714285714,0.914285714286,0.8571428571430001,0.8571428571430001,1
352,0.9905770319320001,0.9929078014180001,1.0,1.0,1.0,0.985915492958,1
353,0.787052598817,0.844444444444,0.733333333333,0.8142857142859999,0.828571428571,0.8656716417910001,1
354,0.690309788924,0.734693877551,0.7,0.771428571429,0.785714285714,0.748299319728,1
355,-1.0,1.0,1.0,1.0,-1.0,1.0,0
356,-1.0,-1.0,1.0,-1.0,-1.0,1.0,0
357,-1.0,1.0,-1.0,-1.0,-1.0,1.0,0
358,0.105314502246,0.150289017341,0.119047619048,0.185714285714,0.114285714286,0.104575163399,1
359,0.8227081057250001,0.897058823529,0.8238095238099999,0.8714285714290001,0.885714285714,0.898550724638,1
360,-1.0,1.0,-1.0,-1.0,-1.0,-1.0,0
361,-1.0,-1.0,-1.0,-1.0,-1.0,-1.0,0
362,0.9810865191150001,0.985915492958,0.990476190476,1.0,1.0,0.9929078014180001,1
363,-1.0,1.0,-1.0,1.0,-1.0,1.0,0
364,0.972345488456,0.985915492958,0.995238095238,1.0,1.0,0.9929078014180001,1
365,-1.0,1.0,1.0,-1.0,1.0,-1.0,0
366,-1.0,-1.0,-1.0,-1.0,-1.0,1.0,0
367,0.397135791799,0.46153846153800004,0.514285714286,0.6857142857140001,0.5714285714289999,0.43956043956,1
368,0.8992263222299999,0.9565217391299998,0.895238095238,0.942857142857,0.9571428571430001,0.9241379310340001,1
369,0.544667219,0.7647058823530001,0.509523809524,0.7428571428569999,0.6857142857140001,0.7741935483869999,1
370,1.0,1.0,1.0,1.0,-1.0,-1.0,0
371,-1.0,-1.0,-1.0,-1.0,1.0,1.0,0
372,-1.0,-1.0,1.0,1.0,-1.0,-1.0,0
373,-1.0,-1.0,-1.0,-1.0,-1.0,1.0,0
374,-1.0,1.0,1.0,-1.0,-1.0,1.0,0
375,1.0,1.0,1.0,-1.0,-1.0,1.0,0
376,0.653600686934,0.696296296296,0.661904761905,0.671428571429,0.8,0.751677852349,1
377,-1.0,1.0,1.0,-1.0,1.0,-1.0,0
378,0.470641339361,0.5957446808510001,0.47619047618999993,0.6,0.514285714286,0.537313432836,1
379,0.9499108707739999,0.992805755396,0.9714285714290001,0.985714285714,0.985714285714,0.978723404255,1
380,-1.0,-1.0,1.0,-1.0,-1.0,1.0,0
381,1.0,1.0,-1.0,-1.0,-1.0,1.0,0
382,-1.0,1.0,-1.0,1.0,1.0,1.0,0
383,-1.0,-1.0,1.0,-1.0,-1.0,-1.0,0
384,0.87290354934,0.934306569343,0.842857142857,0.914285714286,0.9,0.933333333333,1
385,0.932312050678,0.985507246377,0.890476190476,0.9714285714290001,0.9714285714290001,0.978417266187,1
386,0.903925971287,0.943661971831,0.9,0.9571428571430001,0.928571428571,0.928571428571,1
387,1.0,1.0,-1.0,-1.0,-1.0,1.0,0
388,0.79831500418,0.915492957746,0.8238095238099999,0.928571428571,0.9,0.881118881119,1
389,-1.0,1.0,1.0,-1.0,-1.0,-1.0,0
390,0.809599530942,0.877697841727,0.804761904762,0.8714285714290001,0.8571428571430001,0.863309352518,1
391,-1.0,-1.0,1.0,1.0,-1.0,-1.0,0
392,0.902874375648,0.916030534351,0.880952380952,0.914285714286,0.942857142857,0.9565217391299998,1
393,1.0,-1.0,-1.0,-1.0,1.0,-1.0,0
394,1.0,1.0,1.0,1.0,-1.0,-1.0,0
395,0.598058399573,0.758620689655,0.585714285714,0.785714285714,0.671428571429,0.6861313868610001,1
396,1.0,-1.0,-1.0,1.0,-1.0,-1.0,0
397,0.407857979634,0.414814814815,0.395238095238,0.4,0.47142857142899997,0.464788732394,1
398,1.0,-1.0,1.0,1.0,-1.0,-1.0,0
399,-1.0,-1.0,-1.0,-1.0,1.0,-1.0,0
400,0.479019028505,0.566265060241,0.504761904762,0.671428571429,0.728571428571,0.610778443114,1
401,0.92460947142,1.0,0.914285714286,1.0,0.985714285714,0.992805755396,1
402,-1.0,-1.0,-1.0,-1.0,-1.0,-1.0,0
403,0.904650197569,0.9565217391299998,0.938095238095,0.942857142857,0.9714285714290001,0.951048951049,1
404,1.0,-1.0,-1.0,-1.0,-1.0,-1.0,0
405,1.0,-1.0,-1.0,1.0,1.0,1.0,0
406,0.209233088374,0.275862068966,0.209523809524,0.28571428571400004,0.242857142857,0.231292517007,1
407,0.8362701458640001,0.892086330935,0.8666666666670001,0.942857142857,0.914285714286,0.927536231884,1
408,1.0,-1.0,1.0,-1.0,-1.0,1.0,0
409,-1.0,-1.0,-1.0,-1.0,1.0,-1.0,0
410,-1.0,-1.0,-1.0,-1.0,-1.0,-1.0,0
411,1.0,1.0,1.0,-1.0,1.0,1.0,0
412,-1.0,-1.0,-1.0,-1.0,-1.0,-1.0,0
413,0.251144320361,0.387878787879,0.271428571429,0.457142857143,0.257142857143,0.24827586206900001,1
414,0.194167107975,0.381679389313,0.18095238095199997,0.357142857143,0.171428571429,0.190476190476,1
415,0.975774632595,0.992805755396,0.9619047619050001,0.985714285714,0.985714285714,0.992805755396,1
416,-1.0,1.0,1.0,1.0,-1.0,-1.0,0
417,0.727051671733,0.9571428571430001,0.728571428571,0.9571428571430001,0.842857142857,0.836879432624,1
418,0.801542246507,0.8387096774189999,0.766666666667,0.8,0.8142857142859999,0.8507462686570001,1
419,1.0,-1.0,-1.0,1.0,-1.0,-1.0,0
420,0.9307910315100001,0.978417266187,0.933333333333,0.985714285714,0.985714285714,0.985714285714,1
421,-1.0,-1.0,-1.0,-1.0,-1.0,-1.0,0
422,0.9382831933169999,0.9790209790209999,0.9714285714290001,1.0,1.0,0.9523809523810001,1
423,1.0,1.0,-1.0,1.0,1.0,-1.0,0
424,-1.0,1.0,1.0,-1.0,1.0,-1.0,0
425,-1.0,-1.0,-1.0,1.0,-1.0,-1.0,0
426,-1.0,-1.0,1.0,1.0,-1.0,-1.0,0
427,1.0,1.0,-1.0,1.0,-1.0,-1.0,0
428,0.958239398819,1.0,0.942857142857,1.0,0.9714285714290001,0.985507246377,1
429,-1.0,-1.0,-1.0,-1.0,-1.0,-1.0,0
430,1.0,1.0,1.0,-1.0,-1.0,-1.0,0
431,-1.0,1.0,-1.0,-1.0,1.0,1.0,0
432,0.89585992248,0.978723404255,0.904761904762,0.985714285714,0.9571428571430001,0.9640287769779999,1
433,0.776381827128,0.828571428571,0.795238095238,0.8571428571430001,0.8714285714290001,0.8652482269499999,1
434,-1.0,-1.0,-1.0,-1.0,-1.0,-1.0,0
435,0.858628711649,0.9496402877700001,0.838095238095,0.942857142857,0.942857142857,0.9496402877700001,1
436,0.9378842790430001,0.9640287769779999,0.904761904762,0.9571428571430001,0.914285714286,0.941176470588,1
437,-1.0,-1.0,-1.0,-1.0,-1.0,-1.0,0
438,1.0,1.0,1.0,1.0,-1.0,-1.0,0
439,0.956065062148,0.985915492958,0.980952380952,1.0,1.0,0.972222222222,1
440,0.054908244447599994,0.0695652173913,0.047619047619,0.0571428571429,0.0571428571429,0.07272727272730001,1
441,0.288542722053,0.428571428571,0.309523809524,0.514285714286,0.442857142857,0.39743589743600005,1
442,-1.0,-1.0,1.0,-1.0,-1.0,-1.0,0
443,1.0,1.0,1.0,-1.0,-1.0,-1.0,0
444,0.925618910862,0.978417266187,0.928571428571,0.985714285714,1.0,0.985915492958,1
445,0.721574895256,0.808510638298,0.738095238095,0.8142857142859999,0.8714285714290001,0.829931972789,1
446,-1.0,-1.0,-1.0,1.0,-1.0,-1.0,0
447,0.861134543865,0.978417266187,0.8714285714290001,0.9714285714290001,0.9571428571430001,0.950354609929,1
448,1.0,-1.0,-1.0,-1.0,1.0,1.0,0
449,1.0,-1.0,1.0,1.0,1.0,-1.0,0
450,-1.0,1.0,1.0,1.0,-1.0,-1.0,0
451,0.981252071129,0.992805755396,0.990476190476,1.0,0.985714285714,0.985714285714,1
452,0.18876472478300002,0.212765957447,0.2,0.228571428571,0.171428571429,0.179104477612,1
453,1.0,1.0,1.0,-1.0,1.0,1.0,0
454,-1.0,-1.0,-1.0,-1.0,-1.0,-1.0,0
455,0.9929070827840001,1.0,0.995238095238,1.0,1.0,0.985915492958,1
456,-1.0,-1.0,-1.0,1.0,1.0,-1.0,0
457,0.988005894246,1.0,0.985714285714,1.0,1.0,1.0,1
458,0.970049103611,0.9790209790209999,1.0,1.0,1.0,0.972222222222,1
459,0.377749208222,0.447368421053,0.419047619048,0.485714285714,0.47142857142899997,0.434210526316,1
460,0.9767216628919999,0.9929078014180001,0.995238095238,1.0,1.0,0.985915492958,1
461,1.0,1.0,1.0,-1.0,1.0,1.0,0
462,0.9952038369299999,1.0,0.990476190476,1.0,1.0,1.0,1
463,-1.0,1.0,-1.0,-1.0,-1.0,-1.0,0
464,-1.0,-1.0,-1.0,-1.0,-1.0,-1.0,0
465,-1.0,1.0,1.0,-1.0,1.0,1.0,0
466,0.918118277393,0.948905109489,0.928571428571,0.942857142857,0.9571428571430001,0.937062937063,1
467,0.191359047531,0.311111111111,0.185714285714,0.3,0.3,0.313432835821,1
468,0.941685528642,0.985507246377,0.9523809523810001,0.9714285714290001,0.9714285714290001,0.978417266187,1
469,0.9836173216449999,1.0,0.995238095238,1.0,1.0,0.9790209790209999,1
470,0.877284025675,0.985915492958,0.8714285714290001,1.0,0.9714285714290001,0.978417266187,1
471,0.870340705098,0.897959183673,0.9,0.942857142857,0.942857142857,0.929577464789,1
472,0.638901904578,0.816901408451,0.652380952381,0.828571428571,0.8,0.767123287671,1
473,0.9021906749779999,0.930555555556,0.909523809524,0.9571428571430001,0.9714285714290001,0.951048951049,1
474,-1.0,-1.0,-1.0,-1.0,-1.0,-1.0,0
475,-1.0,1.0,1.0,-1.0,1.0,1.0,0
476,1.0,-1.0,-1.0,-1.0,-1.0,-1.0,0
477,-1.0,-1.0,-1.0,1.0,1.0,-1.0,0
478,0.9526173590000001,0.9571428571430001,0.9571428571430001,0.9571428571430001,0.9571428571430001,0.9571428571430001,1
479,0.848235042804,0.9645390070919999,0.8523809523810001,0.9714285714290001,0.942857142857,0.9565217391299998,1
480,1.0,1.0,-1.0,1.0,-1.0,1.0,0
481,0.32792439128,0.427672955975,0.414285714286,0.585714285714,0.514285714286,0.406779661017,1
482,-1.0,-1.0,-1.0,1.0,-1.0,-1.0,0
483,0.9050314607250001,0.978417266187,0.919047619048,0.9714285714290001,0.9714285714290001,0.951048951049,1
484,0.9854704836839999,1.0,0.980952380952,1.0,1.0,0.9929078014180001,1
485,1.0,-1.0,1.0,-1.0,-1.0,1.0,0
486,-1.0,-1.0,-1.0,-1.0,-1.0,1.0,0
487,1.0,1.0,-1.0,1.0,-1.0,-1.0,0
488,0.978756225295,0.985714285714,0.985714285714,0.985714285714,0.985714285714,0.985714285714,1
489,-1.0,1.0,1.0,-1.0,1.0,1.0,0
490,0.0851564597912,0.101694915254,0.0761904761905,0.0857142857143,0.0857142857143,0.104347826087,1
491,0.8431332792649999,0.902777777778,0.8523809523810001,0.928571428571,0.9571428571430001,0.930555555556,1
492,0.8112973784209999,0.9178082191779999,0.8095238095239999,0.9571428571430001,0.928571428571,0.921985815603,1
493,0.905152581374,0.971014492754,0.885714285714,0.9571428571430001,0.928571428571,0.948905109489,1
494,0.962801087801,0.9790209790209999,0.985714285714,1.0,1.0,0.9790209790209999,1
495,1.0,-1.0,-1.0,1.0,-1.0,-1.0,0
496,1.0,1.0,-1.0,1.0,1.0,1.0,0
497,-1.0,-1.0,-1.0,-1.0,-1.0,-1.0,0
498,0.891874676556,0.9640287769779999,0.8666666666670001,0.9571428571430001,0.985714285714,0.985714285714,1
499,-1.0,-1.0,-1.0,-1.0,1.0,-1.0,0
500,-1.0,1.0,-1.0,-1.0,-1.0,-1.0,0
501,0.947364468428,0.978723404255,0.947619047619,0.985714285714,0.985714285714,0.978723404255,1
502,0.221600399419,0.28125,0.209523809524,0.257142857143,0.242857142857,0.244604316547,1
503,1.0,-1.0,1.0,1.0,-1.0,-1.0,0
504,-1.0,-1.0,1.0,1.0,1.0,-1.0,0
505,-1.0,-1.0,1.0,1.0,-1.0,1.0,0
506,1.0,1.0,1.0,1.0,1.0,1.0,1
507,-1.0,-1.0,1.0,1.0,-1.0,-1.0,0
508,0.907131268583,0.978723404255,0.933333333333,0.985714285714,0.9714285714290001,0.978417266187,1
509,-1.0,-1.0,-1.0,-1.0,-1.0,-1.0,0
510,0.836358942775,0.934306569343,0.8238095238099999,0.914285714286,0.928571428571,0.948905109489,1
511,-1.0,1.0,-1.0,1.0,-1.0,-1.0,0
512,0.337155126141,0.550724637681,0.319047619048,0.542857142857,0.485714285714,0.511278195489,1
513,1.0,-1.0,-1.0,1.0,-1.0,-1.0,0
514,0.876418379957,0.9565217391299998,0.847619047619,0.942857142857,0.914285714286,0.927536231884,1
515,-1.0,1.0,-1.0,-1.0,-1.0,-1.0,0
516,0.852150157269,0.978417266187,0.8523809523810001,0.9714285714290001,0.928571428571,0.909090909091,1
517,0.910545223495,0.944444444444,0.9238095238099999,0.9714285714290001,0.9714285714290001,0.951048951049,1
518,-1.0,-1.0,-1.0,1.0,1.0,-1.0,0
519,-1.0,1.0,-1.0,1.0,-1.0,1.0,0
520,1.0,-1.0,-1.0,-1.0,1.0,-1.0,0
521,0.857365721382,0.91156462585,0.8714285714290001,0.9571428571430001,0.942857142857,0.936170212766,1
522,0.934909762992,0.945205479452,0.9571428571430001,0.985714285714,0.9714285714290001,0.951048951049,1
523,-1.0,1.0,-1.0,1.0,1.0,1.0,0
524,1.0,1.0,1.0,1.0,-1.0,-1.0,0
525,-1.0,-1.0,-1.0,1.0,-1.0,-1.0,0
526,-1.0,-1.0,1.0,-1.0,1.0,-1.0,0
527,0.0,0.0,0.0,0.0,0.0,0.0,0
528,0.9856457690989999,0.992805755396,0.980952380952,0.985714285714,0.985714285714,0.985714285714,1
529,0.965212800405,0.985714285714,0.97619047619,0.985714285714,0.985714285714,0.985714285714,1
530,0.879400876091,0.950354609929,0.8666666666670001,0.9571428571430001,0.9714285714290001,0.9714285714290001,1
531,0.981153588196,1.0,0.985714285714,1.0,1.0,0.9929078014180001,1
532,-1.0,-1.0,1.0,-1.0,1.0,-1.0,0
533,0.9397170008869999,0.9929078014180001,0.9571428571430001,1.0,1.0,0.9929078014180001,1
534,0.96582836033,0.985507246377,0.947619047619,0.9714285714290001,0.9714285714290001,0.985507246377,1
535,-1.0,-1.0,-1.0,-1.0,-1.0,-1.0,0
536,-1.0,-1.0,-1.0,-1.0,-1.0,-1.0,0
537,0.500827731165,0.6466165413530001,0.48095238095200005,0.614285714286,0.542857142857,0.5671641791040001,1
538,-1.0,1.0,-1.0,-1.0,-1.0,-1.0,0
539,1.0,1.0,1.0,1.0,-1.0,1.0,0
540,0.125212421987,0.23076923076900002,0.119047619048,0.214285714286,0.185714285714,0.204724409449,1
541,1.0,1.0,-1.0,-1.0,-1.0,1.0,0
542,-1.0,-1.0,-1.0,1.0,-1.0,1.0,0
543,-1.0,-1.0,-1.0,-1.0,-1.0,-1.0,0
544,0.86031157331,0.955882352941,0.8523809523810001,0.9714285714290001,0.985714285714,0.913907284768,1
545,0.8893878964830001,0.9241379310340001,0.904761904762,0.9571428571430001,0.928571428571,0.921985815603,1
546,0.615105646298,0.643835616438,0.614285714286,0.671428571429,0.7428571428569999,0.707482993197,1
547,-1.0,-1.0,-1.0,-1.0,-1.0,-1.0,0
548,0.8879676859960001,0.971830985915,0.928571428571,0.985714285714,0.9571428571430001,0.9241379310340001,1
549,-1.0,-1.0,-1.0,-1.0,1.0,-1.0,0
550,-1.0,1.0,1.0,-1.0,1.0,1.0,0
551,1.0,-1.0,1.0,-1.0,1.0,-1.0,0
552,0.811746900443,0.898550724638,0.833333333333,0.9571428571430001,0.9714285714290001,0.9379310344830001,1
553,1.0,1.0,-1.0,-1.0,-1.0,1.0,0
554,0.943661971831,0.971830985915,0.9571428571430001,0.985714285714,0.9714285714290001,0.9714285714290001,1
555,0.938667465788,0.978723404255,0.947619047619,0.985714285714,0.985714285714,0.965034965035,1
556,1.0,1.0,1.0,1.0,-1.0,-1.0,0
557,0.8379866326340001,0.9051094890510001,0.847619047619,0.885714285714,0.914285714286,0.927536231884,1
558,1.0,-1.0,-1.0,-1.0,-1.0,-1.0,0
559,0.0942650367938,0.126984126984,0.09047619047620001,0.114285714286,0.07142857142860001,0.07352941176469999,1
560,0.973447329093,1.0,0.9666666666670001,1.0,0.985714285714,0.992805755396,1
561,1.0,-1.0,-1.0,1.0,-1.0,1.0,0
562,-1.0,1.0,1.0,-1.0,1.0,-1.0,0
563,0.8188622217399999,0.910344827586,0.8571428571430001,0.942857142857,0.928571428571,0.902777777778,1
564,0.9182367683920001,0.9714285714290001,0.895238095238,0.9714285714290001,0.928571428571,0.955882352941,1
565,-1.0,-1.0,1.0,-1.0,-1.0,1.0,0
566,-1.0,-1.0,-1.0,-1.0,1.0,-1.0,0
567,0.850927738928,0.909090909091,0.785714285714,0.8571428571430001,0.828571428571,0.892307692308,1
568,0.891983418616,0.9130434782610001,0.838095238095,0.9,0.8714285714290001,0.924242424242,1
569,0.985914075791,0.992805755396,0.995238095238,1.0,1.0,0.985915492958,1
570,-1.0,-1.0,-1.0,1.0,-1.0,1.0,0
571,-1.0,-1.0,-1.0,-1.0,-1.0,-1.0,0
572,0.983484357683,0.9929078014180001,0.990476190476,1.0,1.0,0.9929078014180001,1
573,0.973482083898,1.0,0.9666666666670001,1.0,1.0,0.9929078014180001,1
574,-1.0,-1.0,1.0,-1.0,-1.0,1.0,0
575,-1.0,-1.0,-1.0,1.0,1.0,-1.0,0
576,-1.0,1.0,1.0,-1.0,1.0,-1.0,0
577,-1.0,-1.0,-1.0,-1.0,-1.0,-1.0,0
578,0.9904076738609999,1.0,0.985714285714,1.0,0.985714285714,0.992805755396,1
579,0.6739122031360001,0.739726027397,0.6761904761900001,0.771428571429,0.771428571429,0.760563380282,1
580,-1.0,1.0,1.0,1.0,-1.0,-1.0,0
581,1.0,1.0,-1.0,1.0,-1.0,-1.0,0
582,-1.0,-1.0,1.0,-1.0,1.0,1.0,0
583,-1.0,-1.0,-1.0,-1.0,-1.0,-1.0,0
584,0.774621212121,0.8531468531470001,0.766666666667,0.8714285714290001,0.842857142857,0.842857142857,1
585,0.191568711353,0.210526315789,0.214285714286,0.242857142857,0.214285714286,0.20547945205499998,1
586,0.9156907512450001,0.971830985915,0.933333333333,0.985714285714,0.9571428571430001,0.9178082191779999,1
587,0.9696969696969999,0.9790209790209999,0.990476190476,1.0,1.0,0.9790209790209999,1
588,0.229335153164,0.37735849056599996,0.247619047619,0.428571428571,0.2,0.201438848921,1
589,0.8921797157089999,0.951048951049,0.919047619048,0.985714285714,1.0,0.965517241379,1
590,0.969462019462,0.9790209790209999,0.985714285714,1.0,1.0,0.9929078014180001,1
591,0.472247823861,0.533333333333,0.490476190476,0.628571428571,0.657142857143,0.564417177914,1
592,1.0,1.0,-1.0,1.0,-1.0,-1.0,0
593,0.931163954944,0.950354609929,0.933333333333,0.9571428571430001,0.9714285714290001,0.957746478873,1
594,0.966960474174,0.9929078014180001,0.97619047619,1.0,1.0,0.9790209790209999,1
595,0.593885980514,0.6883116883120001,0.609523809524,0.7571428571430001,0.6857142857140001,0.676056338028,1
596,1.0,-1.0,-1.0,1.0,1.0,-1.0,0
597,1.0,1.0,1.0,1.0,1.0,1.0,0
598,1.0,-1.0,-1.0,-1.0,-1.0,-1.0,0
599,1.0,-1.0,1.0,-1.0,1.0,1.0,0
600,0.990610328638,1.0,1.0,1.0,1.0,1.0,1
601,0.829967329261,0.9565217391299998,0.847619047619,0.942857142857,0.928571428571,0.909090909091,1
602,1.0,-1.0,-1.0,-1.0,-1.0,-1.0,0
603,0.911235454917,0.985507246377,0.890476190476,0.9714285714290001,0.914285714286,0.9552238805969999,1
604,0.870627334087,0.9645390070919999,0.842857142857,0.9714285714290001,0.9,0.9,1
605,0.611974082562,0.7402597402600001,0.661904761905,0.8142857142859999,0.828571428571,0.7733333333329999,1
606,-1.0,-1.0,-1.0,-1.0,-1.0,-1.0,0
607,-1.0,-1.0,-1.0,1.0,-1.0,1.0,0
608,1.0,1.0,1.0,1.0,-1.0,-1.0,0
609,0.23758399996399998,0.359375,0.22380952380999997,0.32857142857099997,0.185714285714,0.19548872180500002,1
610,-1.0,1.0,1.0,1.0,-1.0,-1.0,0
611,0.767989843469,0.919708029197,0.728571428571,0.9,0.828571428571,0.828571428571,1
612,-1.0,-1.0,-1.0,-1.0,-1.0,-1.0,0
613,0.9289848997939999,0.985915492958,0.9571428571430001,1.0,0.985714285714,0.945205479452,1
614,0.900915721441,0.9496402877700001,0.895238095238,0.942857142857,0.985714285714,0.965034965035,1
615,-1.0,-1.0,-1.0,-1.0,-1.0,-1.0,0
616,0.6931145843559999,0.8211920529800001,0.7476190476189999,0.885714285714,0.842857142857,0.771241830065,1
617,-1.0,-1.0,-1.0,1.0,-1.0,1.0,0
618,0.971007674461,0.978723404255,0.9619047619050001,0.985714285714,0.9714285714290001,0.978417266187,1
619,-1.0,1.0,1.0,-1.0,1.0,1.0,0
620,0.907150395026,0.951724137931,0.928571428571,0.985714285714,0.985714285714,0.8961038961040001,1
621,1.0,1.0,1.0,-1.0,1.0,-1.0,0
622,-1.0,1.0,1.0,-1.0,-1.0,1.0,0
623,-1.0,1.0,1.0,-1.0,1.0,1.0,0
624,0.8203463203460001,0.942857142857,0.804761904762,0.942857142857,0.9,0.933333333333,1
625,1.0,-1.0,1.0,-1.0,1.0,1.0,0
626,0.6272882160109999,0.885714285714,0.609523809524,0.885714285714,0.728571428571,0.7727272727269999,1
627,-1.0,-1.0,-1.0,-1.0,-1.0,-1.0,0
628,1.0,-1.0,1.0,-1.0,1.0,-1.0,0
629,-1.0,1.0,1.0,-1.0,1.0,1.0,0
630,-1.0,-1.0,-1.0,-1.0,-1.0,-1.0,0
631,-1.0,1.0,-1.0,-1.0,1.0,-1.0,0
632,0.106465166712,0.168067226891,0.0952380952381,0.14285714285700002,0.114285714286,0.13675213675200001,1
633,0.983213429257,0.992805755396,0.97619047619,0.985714285714,0.985714285714,0.992805755396,1
634,0.790506598553,0.903703703704,0.795238095238,0.8714285714290001,0.885714285714,0.898550724638,1
635,0.974095161988,1.0,0.980952380952,1.0,0.985714285714,0.971830985915,1
636,0.959504736636,0.9929078014180001,0.9619047619050001,1.0,0.9714285714290001,0.9714285714290001,1
637,-1.0,-1.0,-1.0,-1.0,-1.0,1.0,0
638,0.6877262600949999,0.827067669173,0.666666666667,0.785714285714,0.7,0.725925925926,1
639,1.0,-1.0,-1.0,1.0,-1.0,1.0,0
640,0.935153187646,0.965517241379,0.985714285714,1.0,1.0,0.9523809523810001,1
641,-1.0,-1.0,-1.0,1.0,-1.0,-1.0,0
642,-1.0,1.0,1.0,-1.0,1.0,1.0,0
643,-1.0,1.0,1.0,-1.0,1.0,1.0,0
644,-1.0,-1.0,1.0,-1.0,-1.0,-1.0,0
645,0.548230908748,0.701986754967,0.5666666666669999,0.7571428571430001,0.6857142857140001,0.581818181818,1
646,0.5460017912699999,0.634482758621,0.5666666666669999,0.657142857143,0.628571428571,0.590604026846,1
647,0.948356807512,1.0,0.9571428571430001,1.0,0.985714285714,0.971830985915,1
648,-1.0,1.0,1.0,1.0,1.0,1.0,0
649,0.992941098125,1.0,1.0,1.0,1.0,0.985915492958,1
650,-1.0,-1.0,-1.0,-1.0,1.0,1.0,0
651,0.86573006014,0.898550724638,0.87619047619,0.928571428571,1.0,0.9790209790209999,1
652,0.863620403666,0.927536231884,0.8190476190479999,0.914285714286,0.928571428571,0.955882352941,1
653,1.0,-1.0,1.0,1.0,1.0,-1.0,0
654,-1.0,1.0,-1.0,1.0,1.0,-1.0,0
655,0.782646465754,0.9076923076919999,0.728571428571,0.842857142857,0.8142857142859999,0.8571428571430001,1
656,0.918998435055,0.985915492958,0.947619047619,1.0,0.985714285714,0.978723404255,1
657,-1.0,1.0,-1.0,1.0,-1.0,-1.0,0
658,-1.0,1.0,-1.0,1.0,1.0,1.0,0
659,0.851882923192,0.958333333333,0.895238095238,0.985714285714,1.0,0.965517241379,1
660,-1.0,1.0,1.0,-1.0,-1.0,-1.0,0
661,0.7981272579809999,0.909090909091,0.785714285714,0.928571428571,0.842857142857,0.893939393939,1
662,0.908968179671,0.971830985915,0.9,0.985714285714,1.0,0.9929078014180001,1
663,0.886482531553,0.9571428571430001,0.87619047619,0.9571428571430001,0.928571428571,0.955882352941,1
664,-1.0,-1.0,-1.0,-1.0,-1.0,-1.0,0
665,-1.0,-1.0,-1.0,1.0,1.0,-1.0,0
666,-1.0,-1.0,-1.0,-1.0,-1.0,-1.0,0
667,0.772858496301,0.830769230769,0.728571428571,0.771428571429,0.8142857142859999,0.8571428571430001,1
668,0.93956553732,0.985507246377,0.9523809523810001,0.9714285714290001,0.985714285714,0.992805755396,1
669,0.9791486739399999,0.9929078014180001,1.0,1.0,1.0,0.985915492958,1
670,0.0,0.0,0.0,0.0,0.0,0.0,0
671,0.85473992674,0.923076923077,0.833333333333,0.942857142857,0.928571428571,0.928571428571,1
672,-1.0,-1.0,-1.0,-1.0,-1.0,-1.0,0
673,0.0,0.0,0.0,0.0,0.0,0.0,0
674,0.53794234978,0.710743801653,0.504761904762,0.614285714286,0.614285714286,0.677165354331,1
675,-1.0,1.0,1.0,-1.0,-1.0,-1.0,0
676,0.9695633164830001,0.992805755396,0.980952380952,1.0,1.0,0.985915492958,1
677,0.0,0.0,0.0,0.0,0.0,0.0,0
678,0.9686372451080001,0.985714285714,0.9666666666670001,1.0,1.0,0.9790209790209999,1
679,0.9406019770980001,0.965034965035,0.947619047619,0.985714285714,0.9714285714290001,0.957746478873,1
680,-1.0,-1.0,-1.0,-1.0,-1.0,-1.0,0
681,1.0,1.0,1.0,-1.0,1.0,1.0,0
682,0.0,0.0,0.0,0.0,0.0,0.0,0
683,0.583622611087,0.65,0.5,0.5571428571429999,0.542857142857,0.638655462185,1
684,0.828442819914,0.910447761194,0.8190476190479999,0.885714285714,0.8571428571430001,0.875912408759,1
685,1.0,-1.0,1.0,-1.0,1.0,-1.0,0
686,0.9764259314749999,0.9929078014180001,0.985714285714,1.0,1.0,0.985915492958,1
687,-1.0,-1.0,-1.0,-1.0,-1.0,-1.0,0
688,-1.0,-1.0,1.0,-1.0,-1.0,-1.0,0
689,0.875974406045,0.909090909091,0.8619047619050001,0.928571428571,0.8714285714290001,0.877697841727,1
690,0.9675267261470001,1.0,0.985714285714,1.0,1.0,0.9790209790209999,1
691,-1.0,-1.0,-1.0,-1.0,-1.0,-1.0,0
692,0.93561505045,0.9523809523810001,0.9666666666670001,1.0,0.985714285714,0.978723404255,1
693,0.9619047619050001,0.985714285714,0.9619047619050001,0.985714285714,0.985714285714,0.985714285714,1
694,0.842283950617,0.933333333333,0.828571428571,0.9,0.842857142857,0.874074074074,1
695,-1.0,-1.0,-1.0,-1.0,-1.0,-1.0,0
696,0.9835507282320001,0.9929078014180001,0.995238095238,1.0,1.0,1.0,1
697,0.952844757161,0.9714285714290001,0.9571428571430001,0.9714285714290001,0.9571428571430001,0.9571428571430001,1
698,0.916127042862,0.9565217391299998,0.909523809524,0.942857142857,0.942857142857,0.936170212766,1
699,0.982967079022,0.992805755396,0.9666666666670001,0.985714285714,0.985714285714,0.992805755396,1
700,-1.0,-1.0,-1.0,-1.0,-1.0,-1.0,0
701,-1.0,-1.0,-1.0,-1.0,-1.0,-1.0,0
702,0.974220032841,0.985714285714,0.985714285714,1.0,1.0,0.9929078014180001,1
703,-1.0,-1.0,1.0,-1.0,1.0,1.0,0
704,0.964738787334,0.985915492958,0.97619047619,1.0,1.0,0.985915492958,1
705,0.784912171496,0.874074074074,0.780952380952,0.842857142857,0.828571428571,0.872180451128,1
706,-1.0,-1.0,-1.0,1.0,-1.0,1.0,0
707,-1.0,-1.0,-1.0,-1.0,-1.0,-1.0,0
708,0.0893299589577,0.109090909091,0.10952380952400001,0.171428571429,0.0857142857143,0.0839160839161,1
709,0.958073644244,0.9929078014180001,0.97619047619,1.0,1.0,0.9790209790209999,1
710,-1.0,1.0,1.0,-1.0,1.0,1.0,0
711,0.9017914765180001,0.985507246377,0.87619047619,0.9714285714290001,0.9714285714290001,0.9645390070919999,1
712,-1.0,-1.0,-1.0,-1.0,-1.0,-1.0,0
713,1.0,1.0,1.0,-1.0,1.0,-1.0,0
714,-1.0,1.0,1.0,-1.0,1.0,-1.0,0
715,0.444182675837,0.615384615385,0.447619047619,0.628571428571,0.47142857142899997,0.492537313433,1
716,0.9280998722280001,0.957746478873,0.9714285714290001,1.0,0.9714285714290001,0.944444444444,1
717,0.794636015326,0.9130434782610001,0.795238095238,0.9,0.9,0.893617021277,1
718,-1.0,-1.0,-1.0,-1.0,-1.0,-1.0,0
719,0.574957888827,0.642335766423,0.5714285714289999,0.628571428571,0.714285714286,0.709219858156,1
720,-1.0,-1.0,1.0,1.0,-1.0,-1.0,0
721,0.6307876922060001,0.707482993197,0.638095238095,0.7428571428569999,0.671428571429,0.6861313868610001,1
722,1.0,1.0,-1.0,1.0,-1.0,-1.0,0
723,0.24046683768899998,0.38961038960999994,0.266666666667,0.428571428571,0.371428571429,0.33333333333299997,1
724,-1.0,1.0,1.0,-1.0,1.0,-1.0,0
725,0.762010778357,0.929577464789,0.833333333333,0.942857142857,0.942857142857,0.835443037975,1
726,0.8457238171860001,0.901408450704,0.838095238095,0.914285714286,0.9,0.893617021277,1
727,0.9278519886259999,0.971014492754,0.9,0.9571428571430001,0.928571428571,0.962962962963,1
728,1.0,-1.0,-1.0,1.0,-1.0,-1.0,0
729,0.878908977271,0.957746478873,0.933333333333,0.9714285714290001,0.985714285714,0.945205479452,1
730,0.975596766039,0.992805755396,0.9571428571430001,0.985714285714,1.0,1.0,1
731,1.0,-1.0,-1.0,1.0,-1.0,1.0,0
732,0.921925695465,0.9645390070919999,0.9,0.9714285714290001,0.9571428571430001,0.971014492754,1
733,0.176835522942,0.357142857143,0.247619047619,0.5714285714289999,0.157142857143,0.149659863946,1
734,1.0,-1.0,-1.0,-1.0,-1.0,-1.0,0
735,-1.0,1.0,1.0,-1.0,-1.0,1.0,0
736,-1.0,-1.0,-1.0,1.0,-1.0,-1.0,0
737,-1.0,-1.0,1.0,-1.0,1.0,1.0,0
738,0.855383669903,0.910344827586,0.8619047619050001,0.942857142857,0.9571428571430001,0.937062937063,1
739,1.0,1.0,-1.0,1.0,1.0,-1.0,0
740,1.0,-1.0,1.0,-1.0,-1.0,1.0,0
741,0.945208331455,0.9640287769779999,0.909523809524,0.9571428571430001,0.9571428571430001,0.978102189781,1
742,0.981219958745,0.985915492958,0.995238095238,1.0,1.0,0.9929078014180001,1
743,0.916051015588,0.92,0.9619047619050001,0.985714285714,0.985714285714,0.9387755102040001,1
744,-1.0,-1.0,1.0,-1.0,1.0,-1.0,0
745,0.736086316731,0.7837837837839999,0.7,0.828571428571,0.8142857142859999,0.8571428571430001,1
746,0.351098177185,0.409937888199,0.37619047619,0.47142857142899997,0.371428571429,0.368794326241,1
747,0.899906238347,0.9496402877700001,0.890476190476,0.942857142857,0.928571428571,0.948905109489,1
748,0.912240795599,0.9352517985609999,0.909523809524,0.928571428571,0.942857142857,0.942857142857,1
749,0.990476190476,1.0,0.990476190476,1.0,1.0,1.0,1
750,-1.0,1.0,-1.0,1.0,1.0,-1.0,0
751,-1.0,-1.0,1.0,1.0,1.0,-1.0,0
752,-1.0,-1.0,1.0,1.0,-1.0,-1.0,0
753,-1.0,-1.0,1.0,-1.0,-1.0,-1.0,0
754,0.439670191369,0.471337579618,0.509523809524,0.614285714286,0.6,0.497041420118,1
755,0.782586634611,0.927536231884,0.8,0.914285714286,0.885714285714,0.861111111111,1
756,-1.0,-1.0,-1.0,-1.0,-1.0,-1.0,0
757,0.275659960954,0.33823529411799996,0.266666666667,0.32857142857099997,0.314285714286,0.33587786259499997,1
758,0.9811479181039999,0.985714285714,0.985714285714,1.0,1.0,0.9929078014180001,1
759,0.911341636969,0.9645390070919999,0.909523809524,0.9714285714290001,0.942857142857,0.9565217391299998,1
760,0.462522916444,0.531468531469,0.457142857143,0.542857142857,0.5571428571429999,0.541666666667,1
761,1.0,1.0,1.0,1.0,1.0,-1.0,0
762,0.848676686029,0.9635036496349999,0.8238095238099999,0.942857142857,0.942857142857,0.936170212766,1
763,1.0,1.0,1.0,-1.0,1.0,-1.0,0
764,0.919359888734,0.936170212766,0.947619047619,0.9571428571430001,0.985714285714,0.951724137931,1
765,-1.0,-1.0,-1.0,-1.0,-1.0,-1.0,0
766,0.978381275421,0.9929078014180001,0.97619047619,1.0,1.0,0.9929078014180001,1
767,0.574366577707,0.8,0.5666666666669999,0.771428571429,0.585714285714,0.621212121212,1
768,0.210136594048,0.429268292683,0.280952380952,0.628571428571,0.185714285714,0.173333333333,1
769,-1.0,-1.0,-1.0,-1.0,-1.0,-1.0,0
770,1.0,-1.0,1.0,1.0,1.0,-1.0,0
